user,typing_speed,avg_hold_time,avg_flight_time,total_keystrokes
rakshith,1.73,83.44,503.0,10
rakshith,1.32,69.14,802.17,7
rakshith,1.96,91.46,496.0,14
rakshith,1.36,93.62,839.43,9
rakshith,1.12,97.8,853.2,16
rakshith,1.52,95.67,636.89,10
rakshith,2.68,85.92,293.23,13
rakshith,2.48,90.65,349.47,21
rakshith,1.23,96.0,832.43,8
rakshith,1.5,143.18,627.92,12
rakshith,2.18,135.85,377.46,13
rakshith,8.68,104.12,112.04,77
rakshith,3.58,85.6,198.38,63
urvi,2.8,89.43,279.12,8
urvi,1.26,100.67,691.0,9
urvi,3.62,105.16,218.35,46
urvi,15.53,136.61,34.75,33
urvi,1.94,112.3,412.09,11
urvi,1.51,91.57,584.0,8
urvi,5.31,132.81,212.25,37
aditya,3.19,99.55,263.84,23
aditya,1.23,115.7,779.6,11
aditya,2.26,96.64,386.27,12
aditya,1.74,109.0,474.82,11
aditya,1.81,83.64,518.64,12
aditya,2.21,91.06,372.42,36
aditya,16.4,128.29,120.34,112
megha,2.76,102.5,277.07,16
megha,0.82,125.17,1107.0,7
